{
    "MDVP:Fo(Hz)": 119.992,
    "MDVP:Fhi(Hz)": 157.302,
    "MDVP:Flo(Hz)": 74.997,
    "MDVP:Jitter(%)": 0.00784,
    "MDVP:Jitter(Abs)": 0.00003,
    "MDVP:RAP": 0.00200,
    "MDVP:PPQ": 0.00450,
    "Jitter:DDP": 0.01200,
    "MDVP:Shimmer": 0.04100,
    "MDVP:Shimmer(dB)": 0.43000,
    "Shimmer:APQ3": 0.02100,
    "Shimmer:APQ5": 0.02600,
    "MDVP:APQ": 0.01800,
    "Shimmer:DDA": 0.06100,
    "NHR": 0.01900,
    "HNR": 19.50000,
    "RPDE": 0,
    "DFA": 0.405000,
    "spread1": 0.810000,
    "spread2": -4.600000,
    "D2": 0.290000,
    "PPE": 2.400000
}
